epoch,step,test_acc,test_loss
0,0,0.817799985408783,1.6423187255859375
